{
  "getAllUserGrants" : {
    "transaction" : "getAllUserGrants",
    "sampleCount" : 190,
    "errorCount" : 3,
    "errorPct" : 1.5789474,
    "meanResTime" : 321.49473684210517,
    "medianResTime" : 180.0,
    "minResTime" : 88.0,
    "maxResTime" : 6247.0,
    "pct1ResTime" : 655.7000000000002,
    "pct2ResTime" : 937.6999999999997,
    "pct3ResTime" : 2344.0100000000148,
    "throughput" : 0.4373929538297206,
    "receivedKBytesPerSec" : 0.4568908418260465,
    "sentKBytesPerSec" : 1.1412008407728504
  },
  "getProjectNav" : {
    "transaction" : "getProjectNav",
    "sampleCount" : 190,
    "errorCount" : 4,
    "errorPct" : 2.1052632,
    "meanResTime" : 2862.931578947369,
    "medianResTime" : 394.5,
    "minResTime" : 122.0,
    "maxResTime" : 99303.0,
    "pct1ResTime" : 2214.9000000000005,
    "pct2ResTime" : 12135.099999999913,
    "pct3ResTime" : 73248.7900000001,
    "throughput" : 0.4374151069364827,
    "receivedKBytesPerSec" : 3.0458061927331537,
    "sentKBytesPerSec" : 1.151937720146419
  },
  "Total" : {
    "transaction" : "Total",
    "sampleCount" : 950,
    "errorCount" : 70,
    "errorPct" : 7.368421,
    "meanResTime" : 15818.529473684217,
    "medianResTime" : 767.0,
    "minResTime" : 88.0,
    "maxResTime" : 332850.0,
    "pct1ResTime" : 56525.09999999995,
    "pct2ResTime" : 99037.59999999999,
    "pct3ResTime" : 176516.94,
    "throughput" : 2.148908015426897,
    "receivedKBytesPerSec" : 1245.7176049465884,
    "sentKBytesPerSec" : 4.48364311656695
  },
  "getNavigations" : {
    "transaction" : "getNavigations",
    "sampleCount" : 190,
    "errorCount" : 32,
    "errorPct" : 16.842106,
    "meanResTime" : 31683.405263157885,
    "medianResTime" : 1089.0,
    "minResTime" : 206.0,
    "maxResTime" : 196901.0,
    "pct1ResTime" : 99091.2,
    "pct2ResTime" : 105520.94999999998,
    "pct3ResTime" : 183843.41000000006,
    "throughput" : 0.8030431107354185,
    "receivedKBytesPerSec" : 41.12747566435968,
    "sentKBytesPerSec" : 1.9468305882819104
  },
  "getAllModules" : {
    "transaction" : "getAllModules",
    "sampleCount" : 190,
    "errorCount" : 28,
    "errorPct" : 14.736842,
    "meanResTime" : 39094.81052631578,
    "medianResTime" : 18015.0,
    "minResTime" : 130.0,
    "maxResTime" : 332850.0,
    "pct1ResTime" : 130054.90000000007,
    "pct2ResTime" : 175345.8,
    "pct3ResTime" : 319816.07000000007,
    "throughput" : 0.4343333668608213,
    "receivedKBytesPerSec" : 1231.707484121115,
    "sentKBytesPerSec" : 0.988057064689383
  },
  "Login" : {
    "transaction" : "Login",
    "sampleCount" : 190,
    "errorCount" : 3,
    "errorPct" : 1.5789474,
    "meanResTime" : 5130.005263157895,
    "medianResTime" : 1236.5,
    "minResTime" : 247.0,
    "maxResTime" : 99329.0,
    "pct1ResTime" : 9769.600000000002,
    "pct2ResTime" : 29323.599999999708,
    "pct3ResTime" : 70277.2500000001,
    "throughput" : 1.6972468868918942,
    "receivedKBytesPerSec" : 5.787859632099405,
    "sentKBytesPerSec" : 0.8326157952271631
  }
}